cat_id;name
19279;Adults Contact Hif Ju-Jitsu Men -56 kg
19280;Adults Contact Hif Ju-Jitsu Men -62 kg
19281;Adults Contact Hif Ju-Jitsu Men -69 kg
19282;Adults Contact Hif Ju-Jitsu Men -77 kg
19283;Adults Contact Hif Ju-Jitsu Men -85 kg
19284;Adults Contact Hif Ju-Jitsu Men -94 kg
19278;Adults Contact Hif Ju-Jitsu Men p94 kg
19272;Adults Contact Hif Ju-Jitsu Women -48 kg
19273;Adults Contact Hif Ju-Jitsu Women -48 kg
19274;Adults Contact Hif Ju-Jitsu Women -52 kg
19275;Adults Contact Hif Ju-Jitsu Women -57 kg
19276;Adults Contact Hif Ju-Jitsu Women -63 kg
19277;Adults Contact Hif Ju-Jitsu Women -70 kg
19271;Adults Contact Hif Ju-Jitsu Women p70 kg
470;Adults Contact Ju-Jitsu Men -56 kg
4932;Adults Contact Ju-Jitsu Men -56 kg
471;Adults Contact Ju-Jitsu Men -62 kg
4933;Adults Contact Ju-Jitsu Men -62 kg
472;Adults Contact Ju-Jitsu Men -69 kg
4102;Adults Contact Ju-Jitsu Men -69 kg
473;Adults Contact Ju-Jitsu Men -77 kg
4934;Adults Contact Ju-Jitsu Men -77 kg
474;Adults Contact Ju-Jitsu Men -85 kg
4935;Adults Contact Ju-Jitsu Men -85 kg
475;Adults Contact Ju-Jitsu Men -94 kg
4103;Adults Contact Ju-Jitsu Men -94 kg
476;Adults Contact Ju-Jitsu Men p94 kg
4936;Adults Contact Ju-Jitsu Men p94 kg
4937;Adults Contact Ju-Jitsu Women -45 kg
4938;Adults Contact Ju-Jitsu Women -48 kg
477;Adults Contact Ju-Jitsu Women -49 kg
4939;Adults Contact Ju-Jitsu Women -52 kg
4353;Adults Contact Ju-Jitsu Women -52 kg
478;Adults Contact Ju-Jitsu Women -55 kg
4940;Adults Contact Ju-Jitsu Women -57 kg
4354;Adults Contact Ju-Jitsu Women -57 kg
4355;Adults Contact Ju-Jitsu Women -63 kg
4356;Adults Contact Ju-Jitsu Women -70 kg
479;Adults Contact Ju-Jitsu Women -62 kg
4104;Adults Contact Ju-Jitsu Women -63 kg
480;Adults Contact Ju-Jitsu Women -70 kg
4941;Adults Contact Ju-Jitsu Women -70 kg
481;Adults Contact Ju-Jitsu Women p70 kg
4942;Adults Contact Ju-Jitsu Women p70 kg
1499;Adults Contact Men -56 kg
1500;Adults Contact Men -62 kg
1501;Adults Contact Men -69 kg
1502;Adults Contact Men -77 kg
1503;Adults Contact Men -85 kg
1504;Adults Contact Men -94 kg
1506;Adults Contact Women -45 kg
1508;Adults Contact Women -52 kg
1509;Adults Contact Women -57 kg
2;Adults Duo Men
3;Adults Duo Men
725;Adults Duo Men
1491;Adults Duo Men
6855;Adults Duo Men
5;Adults Duo Mixed
727;Adults Duo Mixed
912;Adults Duo Mixed
1492;Adults Duo Mixed
16742;Adults Duo Mixed
21351;Adults Duo Open
4;Adults Duo Women
723;Adults Duo Women
726;Adults Duo Women
913;Adults Duo Women
1490;Adults Duo Women
6;Adults Fighting Men -56 kg
1444;Adults Fighting Men -56 kg
7;Adults Fighting Men -62 kg
1451;Adults Fighting Men -62 kg
6859;Adults Fighting Men -62 kg
8;Adults Fighting Men -69 kg
1446;Adults Fighting Men -69 kg
14461;Adults Fighting Men -72 kg
9;Adults Fighting Men -77 kg
1447;Adults Fighting Men -77 kg
14481;Adults Fighting Men -82 kg
10;Adults Fighting Men -85 kg
917;Adults Fighting Men -85 kg
1448;Adults Fighting Men -85 kg
14491;Adults Fighting Men -92 kg
11;Adults Fighting Men -94 kg
1449;Adults Fighting Men -94 kg
16743;Adults Fighting Men -94 kg
14501;Adults Fighting Men p92 kg
12;Adults Fighting Men p94 kg
247;Adults Fighting Men p94 kg
1450;Adults Fighting Men p94 kg
1452;Adults Fighting Women -45 kg
1453;Adults Fighting Women -48 kg
13;Adults Fighting Women -49 kg
1454;Adults Fighting Women -52 kg
14;Adults Fighting Women -55 kg
1455;Adults Fighting Women -57 kg
14551;Adults Fighting Women -58 kg
15;Adults Fighting Women -62 kg
1456;Adults Fighting Women -63 kg
14561;Adults Fighting Women -68 kg
16;Adults Fighting Women -70 kg
1457;Adults Fighting Women -70 kg
14562;Adults Fighting Women p68 kg
17;Adults Fighting Women p70 kg
1458;Adults Fighting Women p70 kg
18;Adults Jiu-Jitsu Men -56 kg
656;Adults Jiu-Jitsu Men -56 kg
1473;Adults Jiu-Jitsu Men -56 kg
19;Adults Jiu-Jitsu Men -62 kg
607;Adults Jiu-Jitsu Men -62 kg
657;Adults Jiu-Jitsu Men -62 kg
802;Adults Jiu-Jitsu Men -62 kg
1474;Adults Jiu-Jitsu Men -62 kg
6858;Adults Jiu-Jitsu Men -62 kg
16286;Adults Jiu-Jitsu Men -62 kg
20;Adults Jiu-Jitsu Men -69 kg
71;Adults Jiu-Jitsu Men -69 kg
658;Adults Jiu-Jitsu Men -69 kg
1475;Adults Jiu-Jitsu Men -69 kg
16287;Adults Jiu-Jitsu Men -69 kg
20001;Adults Jiu-Jitsu Men -70 kg
21;Adults Jiu-Jitsu Men -77 kg
72;Adults Jiu-Jitsu Men -77 kg
659;Adults Jiu-Jitsu Men -77 kg
914;Adults Jiu-Jitsu Men -77 kg
1476;Adults Jiu-Jitsu Men -77 kg
22;Adults Jiu-Jitsu Men -85 kg
79;Adults Jiu-Jitsu Men -85 kg
660;Adults Jiu-Jitsu Men -85 kg
1477;Adults Jiu-Jitsu Men -85 kg
23;Adults Jiu-Jitsu Men -94 kg
73;Adults Jiu-Jitsu Men -94 kg
661;Adults Jiu-Jitsu Men -94 kg
1478;Adults Jiu-Jitsu Men -94 kg
5652;Adults Jiu-Jitsu Men Open Weight
5654;Adults Jiu-Jitsu Men Open Weight
16576;Adults Jiu-Jitsu Men Open Weight
20002;Adults Jiu-Jitsu Men p85 kg
24;Adults Jiu-Jitsu Men p94 kg
662;Adults Jiu-Jitsu Men p94 kg
1479;Adults Jiu-Jitsu Men p94 kg
16039;Adults Jiu-Jitsu NoGi Men -56 kg
20147;Adults Jiu-Jitsu NoGi Men -56 kg
16040;Adults Jiu-Jitsu NoGi Men -62 kg
1528;Adults Jiu-Jitsu NoGi Men -62 kg
4340;Adults Jiu-Jitsu NoGi Men -62 kg
16041;Adults Jiu-Jitsu NoGi Men -69 kg
20148;Adults Jiu-Jitsu NoGi Men -69 kg
1529;Adults Jiu-Jitsu NoGi Men -69 kg
16042;Adults Jiu-Jitsu NoGi Men -77 kg
1530;Adults Jiu-Jitsu NoGi Men -77 kg
16043;Adults Jiu-Jitsu NoGi Men -85 kg
1531;Adults Jiu-Jitsu NoGi Men -85 kg
16044;Adults Jiu-Jitsu NoGi Men -94 kg
4338;Adults Jiu-Jitsu NoGi Men -94 kg
16045;Adults Jiu-Jitsu NoGi Men p94 kg
16033;Adults Jiu-Jitsu NoGi Women -45 kg
16034;Adults Jiu-Jitsu NoGi Women -48 kg
20145;Adults Jiu-Jitsu NoGi Women -52 kg
16035;Adults Jiu-Jitsu NoGi Women -52 kg
20146;Adults Jiu-Jitsu NoGi Women -57 kg
4339;Adults Jiu-Jitsu NoGi Women -57 kg
16036;Adults Jiu-Jitsu NoGi Women -57 kg
16037;Adults Jiu-Jitsu NoGi Women -63 kg
16038;Adults Jiu-Jitsu NoGi Women -70 kg
1540;Adults Jiu-Jitsu NoGi Women p70 kg
16032;Adults Jiu-Jitsu NoGi Women p70 kg
565;Adults Jiu-Jitsu Women -45 kg
1480;Adults Jiu-Jitsu Women -45 kg
4150;Adults Jiu-Jitsu Women -45 kg
1481;Adults Jiu-Jitsu Women -48 kg
16288;Adults Jiu-Jitsu Women -48 kg
25;Adults Jiu-Jitsu Women -49 kg
663;Adults Jiu-Jitsu Women -49 kg
1482;Adults Jiu-Jitsu Women -52 kg
26;Adults Jiu-Jitsu Women -55 kg
85;Adults Jiu-Jitsu Women -55 kg
86;Adults Jiu-Jitsu Women -55 kg
87;Adults Jiu-Jitsu Women -55 kg
664;Adults Jiu-Jitsu Women -55 kg
919;Adults Jiu-Jitsu Women -55 kg
1483;Adults Jiu-Jitsu Women -57 kg
20000;Adults Jiu-Jitsu Women -58 kg
27;Adults Jiu-Jitsu Women -62 kg
665;Adults Jiu-Jitsu Women -62 kg
16289;Adults Jiu-Jitsu Women -62 kg
1484;Adults Jiu-Jitsu Women -63 kg
14707;Adults Jiu-Jitsu Women -63 kg
28;Adults Jiu-Jitsu Women -70 kg
666;Adults Jiu-Jitsu Women -70 kg
1485;Adults Jiu-Jitsu Women -70 kg
5653;Adults Jiu-Jitsu Women Open Weight
16575;Adults Jiu-Jitsu Women Open Weight
29;Adults Jiu-Jitsu Women p70 kg
667;Adults Jiu-Jitsu Women p70 kg
1486;Adults Jiu-Jitsu Women p70 kg
18484;Adults Jiu-Jitsu Women p70 kg
1079;Adults Para Duo Mixed
4370;Adults Para Duo Mixed
4951;Adults Para Duo Mixed
1513;Adults Para Jiu-Jitsu Men -56 kg
4359;Adults Para Jiu-Jitsu Men -56 kg
349;Adults Para Jiu-Jitsu Men -62 kg
1514;Adults Para Jiu-Jitsu Men -62 kg
100002;Adults Para Jiu-Jitsu Men -62 kg
1515;Adults Para Jiu-Jitsu Men -69 kg
4350;Adults Para Jiu-Jitsu Men -69 kg
918;Adults Para Jiu-Jitsu Men -77 kg
921;Adults Para Jiu-Jitsu Men -77 kg
1516;Adults Para Jiu-Jitsu Men -77 kg
4351;Adults Para Jiu-Jitsu Men -77 kg
4952;Adults Para Jiu-Jitsu Men -77 kg
5646;Adults Para Jiu-Jitsu Men -77 kg
100001;Adults Para Jiu-Jitsu Men -77 kg
4352;Adults Para Jiu-Jitsu Men -85 kg
7101;Adults Para Jiu-Jitsu Men p94 kg
1520;Adults Para Jiu-Jitsu Women -45 kg
4357;Adults Para Jiu-Jitsu Women -70 kg
100000;Adults Para Jiu-Jitsu Women p70 kg
30;Adults Show Men
460;Adults Show Men
722;Adults Show Men
724;Adults Show Men
1398;Adults Show Men
1494;Adults Show Men
6857;Adults Show Men
32;Adults Show Mixed
463;Adults Show Mixed
1400;Adults Show Mixed
1495;Adults Show Mixed
21185;Adults Show Open
31;Adults Show Women
1399;Adults Show Women
1493;Adults Show Women
17090;Master M1 Fighting Men -62 kg
5669;Master M1 Fighting Men -62 kg
17091;Master M1 Fighting Men -69 kg
5670;Master M1 Fighting Men -69 kg
999998;Master M1 Fighting Men -69 kg
17092;Master M1 Fighting Men -77 kg
5671;Master M1 Fighting Men -77 kg
6875;Master M1 Fighting Men -77 kg
999999;Master M1 Fighting Men -77 kg
17093;Master M1 Fighting Men -85 kg
5673;Master M1 Fighting Men -85 kg
6876;Master M1 Fighting Men -85 kg
17094;Master M1 Fighting Men -94 kg
5672;Master M1 Fighting Men -94 kg
6877;Master M1 Fighting Men -94 kg
17088;Master M1 Fighting Men p94 kg
5660;Master M1 Jiu-Jitsu Men -56 kg
5275;Master M1 Jiu-Jitsu Men -62 kg
5661;Master M1 Jiu-Jitsu Men -62 kg
5276;Master M1 Jiu-Jitsu Men -69 kg
5662;Master M1 Jiu-Jitsu Men -69 kg
6886;Master M1 Jiu-Jitsu Men -69 kg
6898;Master M1 Jiu-Jitsu Men -69 kg
5277;Master M1 Jiu-Jitsu Men -77 kg
5663;Master M1 Jiu-Jitsu Men -77 kg
6887;Master M1 Jiu-Jitsu Men -77 kg
5278;Master M1 Jiu-Jitsu Men -85 kg
5664;Master M1 Jiu-Jitsu Men -85 kg
6888;Master M1 Jiu-Jitsu Men -85 kg
6900;Master M1 Jiu-Jitsu Men -85 kg
7102;Master M1 Jiu-Jitsu Men -85 kg
5279;Master M1 Jiu-Jitsu Men -94 kg
5665;Master M1 Jiu-Jitsu Men -94 kg
6889;Master M1 Jiu-Jitsu Men -94 kg
5280;Master M1 Jiu-Jitsu Men p94 kg
5666;Master M1 Jiu-Jitsu Men p94 kg
6884;Master M1 Jiu-Jitsu Men p94 kg
5556;Master M1 Jiu-Jitsu Women -57 kg
5557;Master M1 Jiu-Jitsu Women -63 kg
6878;Master M1 Jiu-Jitsu Women p70 kg
17219;Master M1 Show Mixed
17105;Master M2 Fighting Men -69 kg
17106;Master M2 Fighting Men -77kg
17107;Master M2 Fighting Men -85 kg
6933;Master M2 Fighting Men -85 kg
17108;Master M2 Fighting Men -94 kg
17102;Master M2 Fighting Men p94 kg
6929;Master M2 Fighting Men p94 kg
17095;Master M2 Fighting Women p70 kg
5284;Master M2 Jiu-Jitsu Men -69 kg
6943;Master M2 Jiu-Jitsu Men -69 kg
5285;Master M2 Jiu-Jitsu Men -77 kg
5286;Master M2 Jiu-Jitsu Men -85 kg
6945;Master M2 Jiu-Jitsu Men -85 kg
5287;Master M2 Jiu-Jitsu Men -94 kg
6946;Master M2 Jiu-Jitsu Men -94 kg
6958;Master M2 Jiu-Jitsu Men -94 kg
5281;Master M2 Jiu-Jitsu Men p94 kg
6941;Master M2 Jiu-Jitsu Men p94 kg
6937;Master M2 Jiu-Jitsu Women -52 kg
5565;Master M2 Jiu-Jitsu Women -57 kg
17119;Master M3 Fighting Men -69 kg
6988;Master M3 Fighting Men -69 kg
17121;Master M3 Fighting Men -85 kg
6990;Master M3 Fighting Men -85 kg
17116;Master M3 Fighting Men p94 kg
6996;Master M3 Fighting Women -63 kg
17063;Master M3 Jiu-Jitsu Men -69 kg
17064;Master M3 Jiu-Jitsu Men -77 kg
7001;Master M3 Jiu-Jitsu Men -77 kg
5819;Master M3 Jiu-Jitsu Men -85 kg
17066;Master M3 Jiu-Jitsu Men -94 kg
17059;Master M3 Jiu-Jitsu Men p94 kg
17133;Master M4 Fighting Men -69 kg
7044;Master M4 Fighting Men -69 kg
17136;Master M4 Fighting Men -94 kg
7047;Master M4 Fighting Men -94 kg
7056;Master M4 Jiu-Jitsu Men -69 kg
17079;Master M4 Jiu-Jitsu Men -85 kg
7058;Master M4 Jiu-Jitsu Men -85 kg
17080;Master M4 Jiu-Jitsu Men -94 kg
7059;Master M4 Jiu-Jitsu Men -94 kg
7071;Master M4 Jiu-Jitsu Men -94 kg
7066;Master M4 Jiu-Jitsu Men p94 kg
5658;Master MX Jiu-Jitsu Women p70 kg
5667;Master MX Ju-Jitsu Fighting Men p94 kg
5679;Master MX Ju-Jitsu Fighting Women -70 kg
5680;Master MX Ju-Jitsu Fighting Women p70 kg
17077;MasterM 4 Jiu-Jitsu Men -69 kg
17220;Masters Fighting Men -69 kg
17165;Adults Para Duo Mixed
17164;Adults Para Jiu-Jitsu Men
17271;Adults Para Jiu-Jitsu Men Heavyweight
17269;Adults Para Jiu-Jitsu Men Lightweight
17270;Adults Para Jiu-Jitsu Men Middleweight
17163;Adults Para Jiu-Jitsu Women
17267;Adults Para Jiu-Jitsu Women 1
17268;Adults Para Jiu-Jitsu Women 2
16337;Adults Para Ju-Jitsu
4205;U10 Duo Men
4207;U10 Duo Mixed
14473;U10 Duo Mixed
16733;U10 Fighting Men -24 kg
16000;U10 Fighting Men -24 kg
16734;U10 Fighting Men -27 kg
4175;U10 Fighting Men -27 kg
4175111;U10 Fighting Men p27 kg
16001;U10 Fighting Men -27 kg
16735;U10 Fighting Men -30 kg
16002;U10 Fighting Men -30 kg
16736;U10 Fighting Men -34 kg
16003;U10 Fighting Men -34 kg
16737;U10 Fighting Men -38 kg
16738;U10 Fighting Men -42 kg
16004;U10 Fighting Men -42 kg
16731;U10 Fighting Men p42 kg
760;U10 Fighting Men p42 kg
16726;U10 Fighting Women -25 kg
16005;U10 Fighting Women -25 kg
16727;U10 Fighting Women -28 kg
4954;U10 Fighting Women -28 kg
16006;U10 Fighting Women -28 kg
16007;U10 Fighting Women -32 kg
16729;U10 Fighting Women -36 kg
16723;U10 Fighting Women p40 kg
783;U10 Fighting Women p40 kg
4189;U10 Jiu-Jitsu Men -21 kg
4190;U10 Jiu-Jitsu Men -24 kg
4191;U10 Jiu-Jitsu Men -27 kg
4192;U10 Jiu-Jitsu Men -30 kg
4193;U10 Jiu-Jitsu Men -34 kg
4194;U10 Jiu-Jitsu Men -38 kg
4195;U10 Jiu-Jitsu Men -42 kg
4196;U10 Jiu-Jitsu Men p42 kg
4953;U10 Jiu-Jitsu Women -25 kg
4955;U10 Jiu-Jitsu Women -32 kg
4957;U10 Jiu-Jitsu Women -40 kg
4958;U10 Jiu-Jitsu Women p40 kg
4206;U10 Ju-Jitsu Duo Women
16728;U10 Ju-Jitsu Fighting Women -32 kg
16730;U10 Ju-Jitsu Fighting Women -40 kg
16740;U10 Show Men
16741;U10 Show Mixed
16739;U10 Show Women
747;U12 Duo Men
4244;U12 Duo Men
749;U12 Duo Mixed
4246;U12 Duo Mixed
4292;U12 Duo Mixed
4295;U12 Duo Mixed
748;U12 Duo Women
4245;U12 Duo Women
4208;U12 Fighting Men -24 kg
4209;U12 Fighting Men -27 kg
4210;U12 Fighting Men -30 kg
16775;U12 Fighting Men -30 kg
920;U12 Fighting Men -34 kg
924;U12 Fighting Men -34 kg
4211;U12 Fighting Men -34 kg
673;U12 Fighting Men -38 kg
4212;U12 Fighting Men -38 kg
674;U12 Fighting Men -42 kg
4213;U12 Fighting Men -42 kg
675;U12 Fighting Men -46 kg
4214;U12 Fighting Men -46 kg
4214111; U12 Fighting Men p46 kg
676;U12 Fighting Men -50 kg
4215;U12 Fighting Men -50 kg
676111;U12 Fighting Men -52 kg
676112;U12 Fighting Men -60 kg
678;U12 Fighting Men p50 kg
4216;U12 Fighting Men p50 kg
4218;U12 Fighting Women -25 kg
4219;U12 Fighting Women -28 kg
922;U12 Fighting Women -32 kg
4220;U12 Fighting Women -32 kg
682;U12 Fighting Women -36 kg
4221;U12 Fighting Women -36 kg
683;U12 Fighting Women -40 kg
4222;U12 Fighting Women -40 kg
684;U12 Fighting Women -44 kg
4223;U12 Fighting Women -44 kg
685;U12 Fighting Women -48 kg
4224;U12 Fighting Women -48 kg
686;U12 Fighting Women p48 kg
4225;U12 Fighting Women p48 kg
4226;U12 Jiu-Jitsu Men -24 kg
4227;U12 Jiu-Jitsu Men -27 kg
4228;U12 Jiu-Jitsu Men -30 kg
4229;U12 Jiu-Jitsu Men -34 kg
4230;U12 Jiu-Jitsu Men -38 kg
4231;U12 Jiu-Jitsu Men -42 kg
4232;U12 Jiu-Jitsu Men -46 kg
4233;U12 Jiu-Jitsu Men -50 kg
4234;U12 Jiu-Jitsu Men p50 kg
4236;U12 Jiu-Jitsu Women -25 kg
4237;U12 Jiu-Jitsu Women -28 kg
4238;U12 Jiu-Jitsu Women -32 kg
4239;U12 Jiu-Jitsu Women -36 kg
4240;U12 Jiu-Jitsu Women -40 kg
4241;U12 Jiu-Jitsu Women -44 kg
4242;U12 Jiu-Jitsu Women -48 kg
4243;U12 Jiu-Jitsu Women p48 kg
4247;U12 Show Men
923;U12 Show Mixed
4249;U12 Show Mixed
4248;U12 Show Women
4290;U14 Duo Men
14474;U14 Duo Mixed
4291;U14 Duo Women
4294;U14 Duo Women
4250;U14 Fighting Men -30 kg 
21323;U14 Fighting Men -32 kg
4251;U14 Fighting Men -34 kg
21324;U14 Fighting Men -36 kg
4252;U14 Fighting Men -38 kg
4950;U14 Fighting Men -38 kg
11546;U14 Fighting Men -40 kg
4253;U14 Fighting Men -42 kg
4949;U14 Fighting Men -42 kg
21325;U14 Fighting Men -44 kg
4254;U14 Fighting Men -46 kg
4948;U14 Fighting Men -46 kg
21326;U14 Fighting Men -48 kg
4255;U14 Fighting Men -50 kg
4256;U14 Fighting Men -55 kg
21328;U14 Fighting Men -56 kg
4257;U14 Fighting Men -60 kg
21329;U14 Fighting Men -62 kg
21330;U14 Fighting Men -62 kg
4258;U14 Fighting Men -66 kg
4259;U14 Fighting Men p66 kg
4261;U14 Fighting Women -28 kg
4262;U14 Fighting Women -32 kg
4263;U14 Fighting Women -36 kg
4264;U14 Fighting Women -40 kg
4265;U14 Fighting Women -44 kg
4266;U14 Fighting Women -48 kg
4267;U14 Fighting Women -52 kg
4268;U14 Fighting Women -57 kg
4269;U14 Fighting Women p57 kg
4270;U14 Jiu-Jitsu Men -30 kg 
7095;U14 Jiu-Jitsu Men -34 kg
4271;U14 Jiu-Jitsu Men -34 kg 
4945;U14 Jiu-Jitsu Men -38 kg
21343;U14 Jiu-Jitsu Men -40 kg
4273;U14 Jiu-Jitsu Men -41 kg
4946;U14 Jiu-Jitsu Men -42 kg
4947;U14 Jiu-Jitsu Men -46 kg
21345;U14 Jiu-Jitsu Men -48 kg
4275;U14 Jiu-Jitsu Men -50 kg
21346;U14 Jiu-Jitsu Men -52 kg
4276;U14 Jiu-Jitsu Men -55 kg
4277;U14 Jiu-Jitsu Men -60 kg
21348;U14 Jiu-Jitsu Men -62 kg
4278;U14 Jiu-Jitsu Men -66 kg
7096;U14 Jiu-Jitsu Men -73 kg
4279;U14 Jiu-Jitsu Men p66 kg
4281;U14 Jiu-Jitsu Women -28 kg 
4282;U14 Jiu-Jitsu Women -30 kg 
4283;U14 Jiu-Jitsu Women -36 kg
6860;U14 Jiu-Jitsu Women -36 kg
4284;U14 Jiu-Jitsu Women -40 kg
4285;U14 Jiu-Jitsu Women -44 kg
4286;U14 Jiu-Jitsu Women -48 kg
4287;U14 Jiu-Jitsu Women -52 kg
4288;U14 Jiu-Jitsu Women -57 kg
7093;U14 Jiu-Jitsu Women -57 kg
4289;U14 Jiu-Jitsu Women p57 kg
4293;U14 Show Men
781;U15 Duo Men
780;U15 Duo Mixed
782;U15 Duo Women
620;U15 Fighting Men -34 kg
621;U15 Fighting Men -37 kg
622;U15 Fighting Men -41 kg
623;U15 Fighting Men -45 kg
624;U15 Fighting Men -50 kg
625;U15 Fighting Men -55 kg
626;U15 Fighting Men -60 kg
627;U15 Fighting Men -66 kg
628;U15 Fighting Men p66 kg
629;U15 Fighting Women -32 kg
630;U15 Fighting Women -36 kg
631;U15 Fighting Women -40 kg
632;U15 Fighting Women -44 kg
633;U15 Fighting Women -48 kg
634;U15 Fighting Women -52 kg
635;U15 Fighting Women -57 kg
636;U15 Fighting Women -63 kg
637;U15 Fighting Women p63 kg
647;U15 Jiu-Jitsu Men -34 kg
648;U15 Jiu-Jitsu Men -37 kg
649;U15 Jiu-Jitsu Men -41 kg
650;U15 Jiu-Jitsu Men -45 kg
651;U15 Jiu-Jitsu Men -50 kg
652;U15 Jiu-Jitsu Men -55 kg
653;U15 Jiu-Jitsu Men -60 kg
654;U15 Jiu-Jitsu Men -66 kg
655;U15 Jiu-Jitsu Men p66 kg
638;U15 Jiu-Jitsu Women -32 kg
639;U15 Jiu-Jitsu Women -36 kg
640;U15 Jiu-Jitsu Women -40 kg
641;U15 Jiu-Jitsu Women -44 kg
642;U15 Jiu-Jitsu Women -48 kg
643;U15 Jiu-Jitsu Women -52 kg
644;U15 Jiu-Jitsu Women -57 kg
645;U15 Jiu-Jitsu Women -63 kg
646;U15 Jiu-Jitsu Women p63 kg
777;U15 Show Men
779;U15 Show Mixed
778;U15 Show Women
4332;U16 Duo Men
4334;U16 Duo Mixed
4333;U16 Duo Women
4296;U16 Fighting Men -38 kg
21196;U16 Fighting Men -40 kg
4297;U16 Fighting Men -42 kg
21195;U16 Fighting Men -44 kg
4298;U16 Fighting Men -46 kg
21194;U16 Fighting Men -48 kg
4299;U16 Fighting Men -50 kg
21193;U16 Fighting Men -52 kg
4300;U16 Fighting Men -55 kg
21192;U16 Fighting Men -56 kg
4301;U16 Fighting Men -60 kg
21191;U16 Fighting Men -62 kg
4302;U16 Fighting Men -66 kg
5821;U16 Fighting Men -66 kg
21190;U16 Fighting Men -69 kg
4303;U16 Fighting Men -73 kg
21189;U16 Fighting Men -77 kg
4304;U16 Fighting Men p73 kg
5648;U16 Fighting Men p73 kg
5822;U16 Fighting Men p73 kg
5830;U16 Fighting Men p73 kg
21188;U16 Fighting Men p77 kg
4305;U16 Fighting Women -32 kg
4306;U16 Fighting Women -36 kg
4307;U16 Fighting Women -40 kg
4308;U16 Fighting Women -44 kg
4309;U16 Fighting Women -48 kg
4310;U16 Fighting Women -52 kg
4311;U16 Fighting Women -57 kg
4312;U16 Fighting Women -63 kg
4313;U16 Fighting Women p63 kg
4314;U16 Jiu-Jitsu Men -38 kg
21332;U16 Jiu-Jitsu Men -40 kg
4315;U16 Jiu-Jitsu Men -42 kg
5824;U16 Jiu-Jitsu Men -42 kg
21333;U16 Jiu-Jitsu Men -44 kg
4316;U16 Jiu-Jitsu Men -46 kg
21334;U16 Jiu-Jitsu Men -48 kg
4317;U16 Jiu-Jitsu Men -50 kg
21335;U16 Jiu-Jitsu Men -52 kg
4318;U16 Jiu-Jitsu Men -55 kg
21336;U16 Jiu-Jitsu Men -56 kg
4319;U16 Jiu-Jitsu Men -60 kg
21337;U16 Jiu-Jitsu Men -62 kg
4320;U16 Jiu-Jitsu Men -66 kg
5825;U16 Jiu-Jitsu Men -66 kg
21338;U16 Jiu-Jitsu Men -69 kg
4321;U16 Jiu-Jitsu Men -73 kg
21339;U16 Jiu-Jitsu Men -77 kg
4322;U16 Jiu-Jitsu Men p73 kg
21340;U16 Jiu-Jitsu Men p77 kg
4343;U16 Jiu-Jitsu NoGi Men -55kg
4323;U16 Jiu-Jitsu Women -32 kg
4324;U16 Jiu-Jitsu Women -36 kg
4325;U16 Jiu-Jitsu Women -40 kg
4326;U16 Jiu-Jitsu Women -44 kg
4327;U16 Jiu-Jitsu Women -48 kg
4328;U16 Jiu-Jitsu Women -52 kg
4329;U16 Jiu-Jitsu Women -57 kg
4330;U16 Jiu-Jitsu Women -63 kg
4331;U16 Jiu-Jitsu Women p63 kg
4335;U16 Show Men
4337;U16 Show Mixed
4336;U16 Show Women
117;U18 Duo Men
716;U18 Duo Men
1889;U18 Duo Men
4347;U18 Duo Men
119;U18 Duo Mixed
718;U18 Duo Mixed
1890;U18 Duo Mixed
118;U18 Duo Women
717;U18 Duo Women
1891;U18 Duo Women
4346;U18 Duo Women
101;U18 Fighting Men -46 kg
1760;U18 Fighting Men -46 kg
21212;U18 Fighting Men -48 kg
102;U18 Fighting Men -50 kg
1761;U18 Fighting Men -50 kg
21211;U18 Fighting Men -52 kg
103;U18 Fighting Men -55 kg
1762;U18 Fighting Men -55 kg
21210;U18 Fighting Men -56 kg
104;U18 Fighting Men -60 kg
1763;U18 Fighting Men -60 kg
21209;U18 Fighting Men -62 kg
105;U18 Fighting Men -66 kg
1764;U18 Fighting Men -66 kg
21208;U18 Fighting Men -69 kg
106;U18 Fighting Men -73 kg
1765;U18 Fighting Men -73 kg
21207;U18 Fighting Men -77 kg
107;U18 Fighting Men -81 kg
1766;U18 Fighting Men -81 kg
21206;U18 Fighting Men -85 kg
108;U18 Fighting Men p81 kg
1767;U18 Fighting Men p81 kg
21205;U18 Fighting Men p85 kg
1806;U18 Fighting Women -40 kg
110;U18 Fighting Women -44 kg
1807;U18 Fighting Women -44 kg
111;U18 Fighting Women -48 kg
1808;U18 Fighting Women -48 kg
6862;U18 Fighting Women -48 kg
112;U18 Fighting Women -52 kg
915;U18 Fighting Women -52 kg
1809;U18 Fighting Women -52 kg
113;U18 Fighting Women -57 kg
1810;U18 Fighting Women -57 kg
114;U18 Fighting Women -63 kg
916;U18 Fighting Women -63 kg
1811;U18 Fighting Women -63 kg
115;U18 Fighting Women -70 kg
1812;U18 Fighting Women -70 kg
1813;U18 Fighting Women -70 kg
116;U18 Fighting Women p70 kg
1814;U18 Fighting Women p70 kg
999990;U18 Fighting Men -57kg
999991;U18 Fighting Men -62kg
999992;U18 Fighting Men -68kg
999993;U18 Fighting Men -74kg
999994;U18 Fighting Men -80kg
999995;U18 Fighting Men p80kg
999996;U18 Fighting Women -55kg
999997;U18 Fighting Women -60kg
999999;U18 Fighting Women -66kg
999910;U18 Fighting Women p66kg
123;U18 Jiu-Jitsu Men -46 kg
1823;U18 Jiu-Jitsu Men -46 kg
21315;U18 Jiu-Jitsu Men -48 kg
124;U18 Jiu-Jitsu Men -50 kg
701;U18 Jiu-Jitsu Men -50 kg
816;U18 Jiu-Jitsu Men -50 kg
1824;U18 Jiu-Jitsu Men -50 kg
21316;U18 Jiu-Jitsu Men -52 kg
125;U18 Jiu-Jitsu Men -55 kg
702;U18 Jiu-Jitsu Men -55 kg
817;U18 Jiu-Jitsu Men -55 kg
910;U18 Jiu-Jitsu Men -55 kg
1825;U18 Jiu-Jitsu Men -55 kg
21317;U18 Jiu-Jitsu Men -56 kg
126;U18 Jiu-Jitsu Men -60 kg
703;U18 Jiu-Jitsu Men -60 kg
818;U18 Jiu-Jitsu Men -60 kg
1826;U18 Jiu-Jitsu Men -60 kg
21318;U18 Jiu-Jitsu Men -62 kg
127;U18 Jiu-Jitsu Men -66 kg
704;U18 Jiu-Jitsu Men -66 kg
819;U18 Jiu-Jitsu Men -66 kg
1827;U18 Jiu-Jitsu Men -66 kg
4342;U18 Jiu-Jitsu Men -66 kg
21319;U18 Jiu-Jitsu Men -69 kg
128;U18 Jiu-Jitsu Men -73 kg
705;U18 Jiu-Jitsu Men -73 kg
820;U18 Jiu-Jitsu Men -73 kg
1828;U18 Jiu-Jitsu Men -73 kg
21320;U18 Jiu-Jitsu Men -77 kg
129;U18 Jiu-Jitsu Men -81 kg
706;U18 Jiu-Jitsu Men -81 kg
821;U18 Jiu-Jitsu Men -81 kg
1829;U18 Jiu-Jitsu Men -81 kg
4344;U18 Jiu-Jitsu Men -81 kg
21321;U18 Jiu-Jitsu Men -85 kg
130;U18 Jiu-Jitsu Men p81 kg
707;U18 Jiu-Jitsu Men p81 kg
814;U18 Jiu-Jitsu Men p81 kg
1830;U18 Jiu-Jitsu Men p81 kg
21322;U18 Jiu-Jitsu Men p85 kg
131;U18 Jiu-Jitsu Women -40 kg
832;U18 Jiu-Jitsu Women -40 kg
1816;U18 Jiu-Jitsu Women -40 kg
132;U18 Jiu-Jitsu Women -44 kg
709;U18 Jiu-Jitsu Women -44 kg
833;U18 Jiu-Jitsu Women -44 kg
1817;U18 Jiu-Jitsu Women -44 kg
133;U18 Jiu-Jitsu Women -48 kg
710;U18 Jiu-Jitsu Women -48 kg
834;U18 Jiu-Jitsu Women -48 kg
1818;U18 Jiu-Jitsu Women -48 kg
6861;U18 Jiu-Jitsu Women -48 kg
134;U18 Jiu-Jitsu Women -52 kg
711;U18 Jiu-Jitsu Women -52 kg
835;U18 Jiu-Jitsu Women -52 kg
911;U18 Jiu-Jitsu Women -52 kg
1819;U18 Jiu-Jitsu Women -52 kg
135;U18 Jiu-Jitsu Women -57 kg
712;U18 Jiu-Jitsu Women -57 kg
836;U18 Jiu-Jitsu Women -57 kg
1820;U18 Jiu-Jitsu Women -57 kg
136;U18 Jiu-Jitsu Women -63 kg
713;U18 Jiu-Jitsu Women -63 kg
837;U18 Jiu-Jitsu Women -63 kg
1821;U18 Jiu-Jitsu Women -63 kg
137;U18 Jiu-Jitsu Women -70 kg
714;U18 Jiu-Jitsu Women -70 kg
838;U18 Jiu-Jitsu Women -70 kg
1822;U18 Jiu-Jitsu Women -70 kg
138;U18 Jiu-Jitsu Women p70 kg
831;U18 Jiu-Jitsu Women p70 kg
1815;U18 Jiu-Jitsu Women p70 kg
260;U18 Show Men
466;U18 Show Men
720;U18 Show Men
1892;U18 Show Men
4348;U18 Show Men
263;U18 Show Mixed
464;U18 Show Mixed
719;U18 Show Mixed
1893;U18 Show Mixed
262;U18 Show Women
465;U18 Show Women
1894;U18 Show Women
4349;U18 Show Women
120;U21 Duo Men
606;U21 Duo Men
741;U21 Duo Men
1488;U21 Duo Men
122;U21 Duo Mixed
742;U21 Duo Mixed
1487;U21 Duo Mixed
121;U21 Duo Women
740;U21 Duo Women
1489;U21 Duo Women
248;U21 Fighting Men -56 kg
1429;U21 Fighting Men -56 kg
259;U21 Fighting Men -62 kg
1430;U21 Fighting Men -62 kg
6856;U21 Fighting Men -62 kg
249;U21 Fighting Men -69 kg
1431;U21 Fighting Men -69 kg
250;U21 Fighting Men -77 kg
1432;U21 Fighting Men -77 kg
5820;U21 Fighting Men -77 kg
251;U21 Fighting Men -85 kg
1433;U21 Fighting Men -85 kg
252;U21 Fighting Men -94 kg
1434;U21 Fighting Men -94 kg
253;U21 Fighting Men p94 kg
1435;U21 Fighting Men p94 kg
1436;U21 Fighting Women -45 kg
1437;U21 Fighting Women -48 kg
254;U21 Fighting Women -49 kg
1438;U21 Fighting Women -52 kg
255;U21 Fighting Women -55 kg
1439;U21 Fighting Women -57 kg
256;U21 Fighting Women -62 kg
1441;U21 Fighting Women -63 kg
257;U21 Fighting Women -70 kg
1442;U21 Fighting Women -70 kg
258;U21 Fighting Women p70 kg
1443;U21 Fighting Women p70 kg
139;U21 Jiu-Jitsu Men -56 kg
728;U21 Jiu-Jitsu Men -56 kg
825;U21 Jiu-Jitsu Men -56 kg
1459;U21 Jiu-Jitsu Men -56 kg
140;U21 Jiu-Jitsu Men -62 kg
729;U21 Jiu-Jitsu Men -62 kg
826;U21 Jiu-Jitsu Men -62 kg
1460;U21 Jiu-Jitsu Men -62 kg
141;U21 Jiu-Jitsu Men -69 kg
14100001;U21 Jiu-Jitsu Men -70 kg
730;U21 Jiu-Jitsu Men -69 kg
828;U21 Jiu-Jitsu Men -69 kg
1461;U21 Jiu-Jitsu Men -69 kg
142;U21 Jiu-Jitsu Men -77 kg
731;U21 Jiu-Jitsu Men -77 kg
827;U21 Jiu-Jitsu Men -77 kg
1462;U21 Jiu-Jitsu Men -77 kg
143;U21 Jiu-Jitsu Men -85 kg
14311111;U21 Jiu-Jitsu Men p85 kg
732;U21 Jiu-Jitsu Men -85 kg
829;U21 Jiu-Jitsu Men -85 kg
1463;U21 Jiu-Jitsu Men -85 kg
144;U21 Jiu-Jitsu Men -94 kg
733;U21 Jiu-Jitsu Men -94 kg
830;U21 Jiu-Jitsu Men -94 kg
1464;U21 Jiu-Jitsu Men -94 kg
145;U21 Jiu-Jitsu Men p94 kg
823;U21 Jiu-Jitsu Men p94 kg
1465;U21 Jiu-Jitsu Men p94 kg
1466;U21 Jiu-Jitsu Women -45 kg
1467;U21 Jiu-Jitsu Women -48 kg
6852;U21 Jiu-Jitsu Women -48 kg
6960;U21 Jiu-Jitsu Women -48 kg
146;U21 Jiu-Jitsu Women -49 kg
735;U21 Jiu-Jitsu Women -49 kg
843;U21 Jiu-Jitsu Women -49 kg
1468;U21 Jiu-Jitsu Women -52 kg
147;U21 Jiu-Jitsu Women -55 kg
736;U21 Jiu-Jitsu Women -55 kg
842;U21 Jiu-Jitsu Women -55 kg
1469;U21 Jiu-Jitsu Women -57 kg
14690000;U21 Jiu-Jitsu Women -58 kg
148;U21 Jiu-Jitsu Women -62 kg
737;U21 Jiu-Jitsu Women -62 kg
841;U21 Jiu-Jitsu Women -62 kg
1470;U21 Jiu-Jitsu Women -63 kg
6853;U21 Jiu-Jitsu Women -63 kg
149;U21 Jiu-Jitsu Women -70 kg
738;U21 Jiu-Jitsu Women -70 kg
840;U21 Jiu-Jitsu Women -70 kg
1471;U21 Jiu-Jitsu Women -70 kg
150;U21 Jiu-Jitsu Women p70 kg
739;U21 Jiu-Jitsu Women p70 kg
839;U21 Jiu-Jitsu Women p70 kg
1472;U21 Jiu-Jitsu Women p70 kg
261;U21 Show Men
467;U21 Show Men
1497;U21 Show Men
264;U21 Show Mixed
469;U21 Show Mixed
743;U21 Show Mixed
1498;U21 Show Mixed
7177;U21 Show Mixed
14147;U21 Show Mixed
265;U21 Show Women
744;U21 Show Women
1496;U21 Show Women
6961;U21 Show Women
16314;U8 Fighting Men -27 kg
16322;U8 Fighting Women -25 kg
17948;Adults Jiu-Jitsu NoGi Women p70 kg
17942;Adults Jiu-Jitsu NoGi Women -45 kg
17943;Adults Jiu-Jitsu NoGi Women -48 kg
17944;Adults Jiu-Jitsu NoGi Women -52 kg
17945;Adults Jiu-Jitsu NoGi Women -57 kg
17946;Adults Jiu-Jitsu NoGi Women -63 kg
17947;Adults Jiu-Jitsu NoGi Women -70 kg
17915;Adults Jiu-Jitsu NoGi Men p94 kg
17922;Adults Jiu-Jitsu NoGi Men -56 kg
17920;Adults Jiu-Jitsu NoGi Men -62 kg
17919;Adults Jiu-Jitsu NoGi Men -69 kg
17918;Adults Jiu-Jitsu NoGi Men -77 kg
17917;Adults Jiu-Jitsu NoGi Men -85 kg
17916;Adults Jiu-Jitsu NoGi Men -94 kg
17937;U16 Jiu-Jitsu NoGi Men p73 kg
17930;U16 Jiu-Jitsu NoGi Men -38 kg
17931;U16 Jiu-Jitsu NoGi Men -42 kg
17932;U16 Jiu-Jitsu NoGi Men -46 kg
17933;U16 Jiu-Jitsu NoGi Men -50 kg
17928;U16 Jiu-Jitsu NoGi Men -52 kg
17929;U16 Jiu-Jitsu NoGi Men -55 kg
17934;U16 Jiu-Jitsu NoGi Men -60 kg
17935;U16 Jiu-Jitsu NoGi Men -66 kg
17936;U16 Jiu-Jitsu NoGi Men -73 kg
17941;U16 Jiu-Jitsu NoGi Women p63 kg
17923;U16 Jiu-Jitsu NoGi Women -32 kg
17924;U16 Jiu-Jitsu NoGi Women -36 kg
17925;U16 Jiu-Jitsu NoGi Women -44 kg
17927;U16 Jiu-Jitsu NoGi Women -48 kg
17938;U16 Jiu-Jitsu NoGi Women -52 kg
17939;U16 Jiu-Jitsu NoGi Women -57 kg
17940;U16 Jiu-Jitsu NoGi Women -63 kg
17974;U18 Jiu-Jitsu NoGi Men p81 kg
17967;U18 Jiu-Jitsu NoGi Men -46 kg
17968;U18 Jiu-Jitsu NoGi Men -50 kg
17969;U18 Jiu-Jitsu NoGi Men -55 kg
17970;U18 Jiu-Jitsu NoGi Men -60 kg
17971;U18 Jiu-Jitsu NoGi Men -66 kg
17972;U18 Jiu-Jitsu NoGi Men -73 kg
17973;U18 Jiu-Jitsu NoGi Men -81 kg
17961;U18 Jiu-Jitsu NoGi Women p70 kg
17966;U18 Jiu-Jitsu NoGi Women -40 kg
17965;U18 Jiu-Jitsu NoGi Women -44 kg
17964;U18 Jiu-Jitsu NoGi Women -48 kg
17963;U18 Jiu-Jitsu NoGi Women -52 kg
17962;U18 Jiu-Jitsu NoGi Women -57 kg
17959;U18 Jiu-Jitsu NoGi Women -63 kg
17960;U18 Jiu-Jitsu NoGi Women -70 kg
17955;U21 Jiu-Jitsu NoGi Women p70 kg
17949;U21 Jiu-Jitsu NoGi Women -45 kg
17950;U21 Jiu-Jitsu NoGi Women -48 kg
17951;U21 Jiu-Jitsu NoGi Women -52 kg
17952;U21 Jiu-Jitsu NoGi Women -57 kg
17953;U21 Jiu-Jitsu NoGi Women -63 kg
17954;U21 Jiu-Jitsu NoGi Women -70 kg
17914;U21 Jiu-Jitsu NoGi Men p94 kg
17908;U21 Jiu-Jitsu NoGi Men -56 kg
17909;U21 Jiu-Jitsu NoGi Men -62 kg
17910;U21 Jiu-Jitsu NoGi Men -69 kg
17911;U21 Jiu-Jitsu NoGi Men -77 kg
17912;U21 Jiu-Jitsu NoGi Men -85 kg
17913;U21 Jiu-Jitsu NoGi Men -94 kg
23373;Adults Para Duo Inclusive Self-Defense Cognitive
23374;Adults Para Duo Inclusive Self-Defense Physical
23777;Adults Para Jiu-Jitsu Cerebral Palsy Mixed Open Weight
23772;Adults Para Jiu-Jitsu Cognitive Women Open Weight
23787;Adults Para Jiu-Jitsu Physical Mixed -77 kg
23775;Adults Para Jiu-Jitsu Sensory Women -48 kg
4363;Adults Contact Ju-Jitsu Men p94 kg
4358;Adults Contact Ju-Jitsu Men -62 kg
4360;Adults Contact Ju-Jitsu Men -77 kg
4361;Adults Contact Ju-Jitsu Men -85 kg
4362;Adults Contact Ju-Jitsu Men -94 kg
109;U18 Fighting Women -40 kg
21350;U14 JIU-JITSU MALE +69 kg
21342;U14 JIU-JITSU MALE -36 kg
21344;U14 JIU-JITSU MALE -44 kg
21327;U14 JU-JITSU FIGHTING MALE -52 kg
23823;Adults Show Open
23536;Adults Para Jiu-Jitsu Open Weight
23537;U21 Para Jiu-Jitsu Open Weight
7099;Adults Jiu-Jitsu Women -62 kg
14701;U10 Jiu-Jitsu Mix -27 kg
14703;U10 Jiu-Jitsu Mix -42 kg
14706;U10 Fighting Mix -30 kg
14702;U12 Jiu-Jitsu Mix -30 kg
14704;U12 Jiu-Jitsu Mix -36 kg
4165;U8 Jiu-Jitsu Mix -30 kg
4172;U8 Duo Mixed
4129;U10 Jiu-Jitsu Men -30 kg
63;U15 Jiu-Jitsu Women -52 kg
24427;U18 Fighting Men -69 kg Para
24034;U18 Contact Men -56 kg
24031;U18 Contact Men -77 kg
24030;U18 Contact Men -85 kg
24029;U18 Contact Men P85 kg
24024;U21 Contact Men -69 kg
24023;U21 Contact Men -62 kg
24006;U18 Jiu-Jitsu Nogi Men -85 kg
24005;U18 Jiu-Jitsu Nogi Men -77 kg
24004;U18 Jiu-Jitsu Nogi Men -69 kg
24003;U18 Jiu-Jitsu Nogi Men -62 kg
23999;U18 Jiu-Jitsu Nogi Men P85 kg
23998;U16 Jiu-Jitsu Nogi Men -77 kg
23995;U16 Jiu-Jitsu Nogi Men -56 kg
23994;U16 Jiu-Jitsu Nogi Men -52 kg
23993;U16 Jiu-Jitsu Nogi Men -48 kg
23992;U16 Jiu-Jitsu Nogi Men -44 kg
23989;U14 Fighting Men p69 kg
23988;U14 Jiu-Jitsu Men p69 kg
23935;U10 Fighting Men -44 kg
23934;U10 Fighting Men -40 kg
23933;U10 Fighting Men -36 kg
23932;U10 Fighting Men -32 kg
23931;U10 Fighting Men -28 kg
23930;U10 Fighting Men -25 kg
23928;U10 Fighting Men p44 kg
23770;Para Jiujitsu Class B Men
23571;U8 Fighting Men -25 kg
23570;U8 Fighting Men -22 kg
23559;U12 Fighting Men -44 kg
23558;U12 Fighting Men -36 kg
23557;U12 Fighting Men -52 kg
23556;U12 Fighting Men -48 kg
23555;U12 Fighting Men -32 kg
23554;U12 Fighting Men -28 kg
23552;U12 Fighting Men p52 kg
23545;U10 Jiu-Jitsu Men -44 kg
23543;U10 Jiu-Jitsu Men -40 kg
23542;U10 Jiu-Jitsu Men -36 kg
23541;U10 Jiu-Jitsu Men -32 kg
23540;U10 Jiu-Jitsu Men -28 kg
23539;U10 Jiu-Jitsu Men -25 kg
22910;U12 Jiu-Jitsu Men p52 kg
22909;U12 Jiu-Jitsu Men -52 kg
22908;U12 Jiu-Jitsu Men -48 kg
22907;U12 Jiu-Jitsu Men -44 kg
22906;U12 Jiu-Jitsu Men -40 kg
22905;U12 Jiu-Jitsu Men -36 kg
22904;U12 Jiu-Jitsu Men -32 kg
22903;U12 Jiu-Jitsu Men -28 kg
21349;U14 Jiu-Jitsu Men -69 kg
21347;U14 Jiu-Jitsu Men -56 kg
21341;U14 Jiu-Jitsu Men -32 kg
17813;U8 Fighting Women -28 kg
17810;U8 Fighting Women -20 kg
17122;Master 3 Fighting Men -94 kg
16725;U10 Fighting Women -22 kg
11543;U12 Fighting Men -40 kg
4956;U10 Jiu-Jitsu Women -36 kg
